{"cameraMode":{"drawMode":0,"name":"Shaded","section":"Shading Mode"},"sceneLighting":false,"audioPlay":false,"sceneViewState":{"m_AlwaysRefresh":false,"showFog":true,"showSkybox":false,"showFlares":true,"showImageEffects":true,"showParticleSystems":true,"showVisualEffectGraphs":true,"m_FxEnabled":true},"in2DMode":false,"pivot":{"x":0.15999984741210938,"y":3.4589998722076418,"z":-1.9858579635620118},"rotation":{"x":0.2574072778224945,"y":-0.10411509871482849,"z":0.027909688651561738,"w":0.9602745175361633},"size":12.12435531616211,"orthographic":false}